date,volume
2009/01/05,1570454
2009/01/06,2024576
2009/01/07,2811252
2009/01/08,2391555
2009/01/09,1881023
2009/01/12,2716809
2009/01/13,2215431
2009/01/14,2414067
2009/01/15,2166298
2009/01/16,1822979
2009/01/20,1911229
2009/01/21,2699304
2009/01/22,4187564
2009/01/23,2819349
2009/01/26,1395942
2009/01/27,1705807
2009/01/28,1698849
2009/01/29,1700837
2009/01/30,1649863
2009/02/02,1633174
2009/02/03,1390635
2009/02/04,1375476
2009/02/05,1920203
2009/02/06,1483014
2009/02/09,1270307
2009/02/10,1977706
2009/02/11,1445454
2009/02/12,1896867
2009/02/13,1607737
2009/02/17,2071916
2009/02/18,1835470
2009/02/19,1206740
2009/02/20,2704143
2009/02/23,2449166
2009/02/24,3186611
2009/02/25,3319037
2009/02/26,2415635
2009/02/27,3470462
2009/03/02,4202088
2009/03/03,3773058
2009/03/04,3018535
2009/03/05,2524035
2009/03/06,2542803
2009/03/09,2825969
2009/03/10,1550648
2009/03/11,2050210
2009/03/12,1551380
2009/03/13,1436760
2009/03/16,1155142
2009/03/17,1702132
2009/03/18,1975146
2009/03/19,1379519
2009/03/20,1339433
2009/03/23,1595629
2009/03/24,1254908
2009/03/25,4812152
2009/03/26,2143143
2009/03/27,2241204
2009/03/30,2487796
2009/03/31,1950950
2009/04/01,3577134
2009/04/02,4542296
2009/04/03,1654039
2009/04/06,1356481
2009/04/07,1115994
2009/04/08,1114668
2009/04/09,4321565
2009/04/13,1313038
2009/04/14,1456735
2009/04/15,1436007
2009/04/16,1305088
2009/04/17,1577500
2009/04/20,2372899
2009/04/21,1305626
2009/04/22,1726801
2009/04/23,1183549
2009/04/24,2276540
2009/04/27,1174460
2009/04/28,734442
2009/04/29,1233670
2009/04/30,1572359
2009/05/01,696560
2009/05/04,857907
2009/05/05,1022475
2009/05/06,1242882
2009/05/07,1377832
2009/05/08,858396
2009/05/11,1369687
2009/05/12,1030229
2009/05/13,1530924
2009/05/14,4016157
2009/05/15,1440192
2009/05/18,2127866
2009/05/19,1497500
2009/05/20,1310333
2009/05/21,1299222
2009/05/22,890193
2009/05/26,1054660
2009/05/27,1123194
2009/05/28,1249092
2009/05/29,1156745
2009/06/01,999550
2009/06/02,1640596
2009/06/03,1110357
2009/06/04,983001
2009/06/05,1287188
2009/06/08,2146147
2009/06/09,1244025
2009/06/10,699067
2009/06/11,626921
2009/06/12,384385
2009/06/15,710595
2009/06/16,776161
2009/06/17,732727
2009/06/18,771181
2009/06/19,795334
2009/06/22,869703
2009/06/23,870870
2009/06/24,788579
2009/06/25,519599
2009/06/26,498727
2009/06/29,529289
2009/06/30,1284888
2009/07/01,451752
2009/07/02,651454
2009/07/06,520875
2009/07/07,830270
2009/07/08,1294050
2009/07/09,807230
2009/07/10,856481
2009/07/13,939688
2009/07/14,1021344
2009/07/15,1692258
2009/07/16,1236839
2009/07/17,976168
2009/07/20,841397
2009/07/21,698866
2009/07/22,824475
2009/07/23,1326377
2009/07/24,833825
2009/07/27,1315346
2009/07/28,1478684
2009/07/29,2331956
2009/07/30,2273688
2009/07/31,1311705
2009/08/03,1133887
2009/08/04,1059958
2009/08/05,810603
2009/08/06,760159
2009/08/07,919614
2009/08/10,929275
2009/08/11,641220
2009/08/12,592553
2009/08/13,601082
2009/08/14,1456864
2009/08/17,748711
2009/08/18,646062
2009/08/19,1288725
2009/08/20,639265
2009/08/21,1269504
2009/08/24,645493
2009/08/25,1046965
2009/08/26,584648
2009/08/27,1154402
2009/08/28,518053
2009/08/31,770525
2009/09/01,1278843
2009/09/02,744193
2009/09/03,541966
2009/09/04,526605
2009/09/08,380699
2009/09/09,659074
2009/09/10,586830
2009/09/11,624422
2009/09/14,898316
2009/09/15,725368
2009/09/16,1009907
2009/09/17,1158598
2009/09/18,1087248
2009/09/21,631211
2009/09/22,838949
2009/09/23,896430
2009/09/24,1748966
2009/09/25,2439849
2009/09/28,997998
2009/09/29,813551
2009/09/30,1086305
2009/10/01,1256419
2009/10/02,1210652
2009/10/05,1443373
2009/10/06,837155
2009/10/07,853191
2009/10/08,967341
2009/10/09,658290
2009/10/12,531335
2009/10/13,1851459
2009/10/14,1874130
2009/10/15,2079001
2009/10/16,984616
2009/10/19,1181332
2009/10/20,740157
2009/10/21,1138261
2009/10/22,877237
2009/10/23,783041
2009/10/26,1169601
2009/10/27,931226
2009/10/28,1077091
2009/10/29,2050069
2009/10/30,2348365
2009/11/02,1569531
2009/11/03,1221249
2009/11/04,708066
2009/11/05,595286
2009/11/06,659370
2009/11/09,872964
2009/11/10,450606
2009/11/11,508385
2009/11/12,779356
2009/11/13,554796
2009/11/16,681334
2009/11/17,757264
2009/11/18,601433
2009/11/19,1963776
2009/11/20,1004330
2009/11/23,1121695
2009/11/24,1095903
2009/11/25,693368
2009/11/27,507025
2009/11/30,1126654
2009/12/01,855791
2009/12/02,765700
2009/12/03,1327130
2009/12/04,950063
2009/12/07,673617
2009/12/08,919786
2009/12/09,738689
2009/12/10,491592
2009/12/11,588557
2009/12/14,465484
2009/12/15,666001
2009/12/16,565445
2009/12/17,582454
2009/12/18,743687
2009/12/21,634981
2009/12/22,462665
2009/12/23,580741
2009/12/24,166176
2009/12/28,355178
2009/12/29,205958
2009/12/30,507829
2009/12/31,842502
2010/01/04,988779
2010/01/05,567725
2010/01/06,468195
2010/01/07,645265
2010/01/08,574036
2010/01/11,603165
2010/01/12,1160930
2010/01/13,2302948
2010/01/14,1267202
2010/01/15,985336
2010/01/19,615254
2010/01/20,1035733
2010/01/21,1575733
2010/01/22,1623557
2010/01/25,971357
2010/01/26,1214623
2010/01/27,1413664
2010/01/28,1173995
2010/01/29,936217
2010/02/01,1291681
2010/02/02,1404234
2010/02/03,983365
2010/02/04,1718387
2010/02/05,1589339
2010/02/08,746331
2010/02/09,813584
2010/02/10,618816
2010/02/11,626844
2010/02/12,940740
2010/02/16,639944
2010/02/17,663507
2010/02/18,1066579
2010/02/19,819792
2010/02/22,712867
2010/02/23,991925
2010/02/24,871848
2010/02/25,1101132
2010/02/26,776540
2010/03/01,786509
2010/03/02,648445
2010/03/03,601748
2010/03/04,542625
2010/03/05,1612378
2010/03/08,1354544
2010/03/09,820450
2010/03/10,938416
2010/03/11,939807
2010/03/12,786959
2010/03/15,601670
2010/03/16,518547
2010/03/17,404055
2010/03/18,1145999
2010/03/19,849313
2010/03/22,660310
2010/03/23,2958728
2010/03/24,1164734
2010/03/25,1279636
2010/03/26,681203
2010/03/29,515534
2010/03/30,561657
2010/03/31,672525
2010/04/01,860918
2010/04/05,583831
2010/04/06,1107479
2010/04/07,1397487
2010/04/08,561594
2010/04/09,622656
2010/04/12,487851
2010/04/13,805663
2010/04/14,703913
2010/04/15,529512
2010/04/16,1227552
2010/04/19,915087
2010/04/20,1183909
2010/04/21,824888
2010/04/22,949616
2010/04/23,711070
2010/04/26,519195
2010/04/27,1829685
2010/04/28,951556
2010/04/29,794773
2010/04/30,933669
2010/05/03,657944
2010/05/04,995077
2010/05/05,1242876
2010/05/06,2067809
2010/05/07,1399265
2010/05/10,1530686
2010/05/11,881959
2010/05/12,1102060
2010/05/13,2843684
2010/05/14,1728476
2010/05/17,1229126
2010/05/18,1409248
2010/05/19,2948047
2010/05/20,2407259
2010/05/21,1857736
2010/05/24,1169701
2010/05/25,1709955
2010/05/26,1584520
2010/05/27,1423868
2010/05/28,860185
2010/06/01,761682
2010/06/02,1222220
2010/06/03,1351707
2010/06/04,1142776
2010/06/07,1344882
2010/06/08,1257780
2010/06/09,1686055
2010/06/10,1283456
2010/06/11,1443803
2010/06/14,1334057
2010/06/15,1853350
2010/06/16,3968182
2010/06/17,1962969
2010/06/18,1876163
2010/06/21,1570111
2010/06/22,1292929
2010/06/23,1472341
2010/06/24,1004595
2010/06/25,885732
2010/06/28,646915
2010/06/29,1430175
2010/06/30,1192196
2010/07/01,1800785
2010/07/02,886290
2010/07/06,1098232
2010/07/07,979169
2010/07/08,1058912
2010/07/09,681686
2010/07/12,1204588
2010/07/13,1223123
2010/07/14,1238443
2010/07/15,1083957
2010/07/16,1488384
2010/07/19,1240391
2010/07/20,1215674
2010/07/21,1465811
2010/07/22,1277803
2010/07/23,1285316
2010/07/26,1318057
2010/07/27,2580613
2010/07/28,1658507
2010/07/29,3365858
2010/07/30,1537979
2010/08/02,1139560
2010/08/03,1435518
2010/08/04,1219907
2010/08/05,797302
2010/08/06,823903
2010/08/09,627935
2010/08/10,662537
2010/08/11,1250761
2010/08/12,737474
2010/08/13,715646
2010/08/16,863082
2010/08/17,517889
2010/08/18,379967
2010/08/19,789428
2010/08/20,692285
2010/08/23,707067
2010/08/24,1011572
2010/08/25,900274
2010/08/26,704141
2010/08/27,1400864
2010/08/30,539980
2010/08/31,885869
2010/09/01,751112
2010/09/02,797965
2010/09/03,1037998
2010/09/07,415094
2010/09/08,953507
2010/09/09,842044
2010/09/10,1045369
2010/09/13,493150
2010/09/14,803221
2010/09/15,873924
2010/09/16,852442
2010/09/17,775605
2010/09/20,587612
2010/09/21,717400
2010/09/22,612938
2010/09/23,824175
2010/09/24,493277
2010/09/27,712265
2010/09/28,809693
2010/09/29,857838
2010/09/30,1376391
2010/10/01,944846
2010/10/04,602514
2010/10/05,1545580
2010/10/06,710577
2010/10/07,1578839
2010/10/08,1534267
2010/10/11,526967
2010/10/12,619255
2010/10/13,782644
2010/10/14,746324
2010/10/15,669502
2010/10/18,817177
2010/10/19,1007868
2010/10/20,804821
2010/10/21,778359
2010/10/22,724748
2010/10/25,579743
2010/10/26,1042793
2010/10/27,709218
2010/10/28,1116355
2010/10/29,1162316
2010/11/01,1429821
2010/11/02,951698
2010/11/03,704277
2010/11/04,632009
2010/11/05,685496
2010/11/08,363197
2010/11/09,485756
2010/11/10,862638
2010/11/11,354047
2010/11/12,451734
2010/11/15,959709
2010/11/16,1311377
2010/11/17,1020343
2010/11/18,1289473
2010/11/19,1204277
2010/11/22,1021054
2010/11/23,1287958
2010/11/24,921130
2010/11/26,591527
2010/11/29,1642432
2010/11/30,1055251
2010/12/01,1021287
2010/12/02,684854
2010/12/03,813961
2010/12/06,446352
2010/12/07,1120435
2010/12/08,508077
2010/12/09,434805
2010/12/10,887300
2010/12/13,702753
2010/12/14,1065188
2010/12/15,551284
2010/12/16,613712
2010/12/17,588059
2010/12/20,851660
2010/12/21,1260657
2010/12/22,474947
2010/12/23,366034
2010/12/27,221742
2010/12/28,285627
2010/12/29,272607
2010/12/30,247051
2010/12/31,324773
2011/01/03,474454
2011/01/04,650863
2011/01/05,471734
2011/01/06,361086
2011/01/07,899423
2011/01/10,384898
2011/01/11,520084
2011/01/12,490124
2011/01/13,1438938
2011/01/14,945753
2011/01/18,587080
2011/01/19,1203135
2011/01/20,912754
2011/01/21,943099
2011/01/24,636501
2011/01/25,1223681
2011/01/26,713155
2011/01/27,1202894
2011/01/28,843874
2011/01/31,601104
2011/02/01,568796
2011/02/02,1243244
2011/02/03,2208968
2011/02/04,2184324
2011/02/07,1753713
2011/02/08,655818
2011/02/09,497647
2011/02/10,353482
2011/02/11,341770
2011/02/14,378273
2011/02/15,370776
2011/02/16,911519
2011/02/17,586441
2011/02/18,499954
2011/02/22,1205091
2011/02/23,790740
2011/02/24,781130
2011/02/25,444893
2011/02/28,575540
2011/03/01,742213
2011/03/02,413783
2011/03/03,516080
2011/03/04,424245
2011/03/07,611313
2011/03/08,527494
2011/03/09,515819
2011/03/10,542073
2011/03/11,1108906
2011/03/14,4885637
2011/03/15,5065685
2011/03/16,3157004
2011/03/17,1799641
2011/03/18,1206750
2011/03/21,1536907
2011/03/22,1219496
2011/03/23,1074641
2011/03/24,1339886
2011/03/25,1471153
2011/03/28,1003916
2011/03/29,527631
2011/03/30,529349
2011/03/31,732900
2011/04/01,1291266
2011/04/04,977824
2011/04/05,1121185
2011/04/06,1560601
2011/04/07,1311125
2011/04/08,1282163
2011/04/11,653648
2011/04/12,3946361
2011/04/13,1460889
2011/04/14,515469
2011/04/15,591641
2011/04/18,876065
2011/04/19,560330
2011/04/20,909392
2011/04/21,1276821
2011/04/25,595962
2011/04/26,771502
2011/04/27,1549054
2011/04/28,2228700
2011/04/29,1502872
2011/05/02,1249400
2011/05/03,670853
2011/05/04,814988
2011/05/05,853339
2011/05/06,1105157
2011/05/09,722220
2011/05/10,586780
2011/05/11,930682
2011/05/12,728872
2011/05/13,760973
2011/05/16,1170840
2011/05/17,861591
2011/05/18,1125161
2011/05/19,1376384
2011/05/20,639340
2011/05/23,2443226
2011/05/24,2129776
2011/05/25,1456725
2011/05/26,1243839
2011/05/27,1203657
2011/05/31,1222149
2011/06/01,888418
2011/06/02,717773
2011/06/03,836333
2011/06/06,1553680
2011/06/07,1028873
2011/06/08,930691
2011/06/09,1652664
2011/06/10,1052904
2011/06/13,932750
2011/06/14,805429
2011/06/15,648883
2011/06/16,678747
2011/06/17,1090229
2011/06/20,1382703
2011/06/21,923493
2011/06/22,1151658
2011/06/23,1641091
2011/06/24,1006766
2011/06/27,1025739
2011/06/28,744526
2011/06/29,572620
2011/06/30,1152928
2011/07/01,746069
2011/07/05,795833
2011/07/06,985134
2011/07/07,668901
2011/07/08,2118713
2011/07/11,917994
2011/07/12,1175807
2011/07/13,739629
2011/07/14,594902
2011/07/15,895886
2011/07/18,720995
2011/07/19,584440
2011/07/20,531564
2011/07/21,865970
2011/07/22,474469
2011/07/25,622394
2011/07/26,388933
2011/07/27,1050835
2011/07/28,1057965
2011/07/29,864197
2011/08/01,1335734
2011/08/02,1527466
2011/08/03,1472097
2011/08/04,1835452
2011/08/05,2617835
2011/08/08,2254736
2011/08/09,4684827
2011/08/10,2994092
2011/08/11,2845996
2011/08/12,1233416
2011/08/15,1060021
2011/08/16,1298761
2011/08/17,844091
2011/08/18,2007606
2011/08/19,1297050
2011/08/22,1126818
2011/08/23,1300726
2011/08/24,1702573
2011/08/25,849521
2011/08/26,1114541
2011/08/29,726055
2011/08/30,1216133
2011/08/31,1266930
2011/09/01,857091
2011/09/02,1031000
2011/09/06,1028057
2011/09/07,1135220
2011/09/08,1225514
2011/09/09,1022563
2011/09/12,1091941
2011/09/13,679761
2011/09/14,811595
2011/09/15,571407
2011/09/16,828273
2011/09/19,1060895
2011/09/20,762115
2011/09/21,652526
2011/09/22,1959983
2011/09/23,1487527
2011/09/26,804363
2011/09/27,1000539
2011/09/28,1581671
2011/09/29,1017888
2011/09/30,1592468
2011/10/03,1297960
2011/10/04,2039547
2011/10/05,1118504
2011/10/06,2624409
2011/10/07,2019745
2011/10/10,901953
2011/10/11,1337331
2011/10/12,1085133
2011/10/13,1215646
2011/10/14,1454458
2011/10/17,1129460
2011/10/18,1332826
2011/10/19,1664922
2011/10/20,1235110
2011/10/21,655469
2011/10/24,1281254
2011/10/25,824965
2011/10/26,802942
2011/10/27,1043350
2011/10/28,1191403
2011/10/31,1226167
2011/11/01,1436043
2011/11/02,2206100
2011/11/03,2740132
2011/11/04,1375651
2011/11/07,796140
2011/11/08,1455547
2011/11/09,1665744
2011/11/10,1285876
2011/11/11,1035435
2011/11/14,1217843
2011/11/15,1027703
2011/11/16,1278309
2011/11/17,1179224
2011/11/18,1542460
2011/11/21,957257
2011/11/22,1485247
2011/11/23,1196736
2011/11/25,1718503
2011/11/28,2237176
2011/11/29,1906236
2011/11/30,2011688
2011/12/01,1078406
2011/12/02,1178078
2011/12/05,587229
2011/12/06,616038
2011/12/07,1975318
2011/12/08,1469137
2011/12/09,2168214
2011/12/12,840425
2011/12/13,963787
2011/12/14,2157946
2011/12/15,1055530
2011/12/16,818214
2011/12/19,927794
2011/12/20,1639283
2011/12/21,658264
2011/12/22,613983
2011/12/23,421262
2011/12/27,376519
2011/12/28,818715
2011/12/29,2298989
2011/12/30,2818061
2012/01/03,1414748
2012/01/04,1146367
2012/01/05,1464843
2012/01/06,594057
2012/01/09,531595
2012/01/10,1037332
2012/01/11,591132
2012/01/12,948734
2012/01/13,391949
2012/01/17,1156640
2012/01/18,793357
2012/01/19,1053231
2012/01/20,1654586
2012/01/23,1765623
2012/01/24,795606
2012/01/25,1472360
2012/01/26,1830908
2012/01/27,721084
2012/01/30,753452
2012/01/31,606109
2012/02/01,3079669
2012/02/02,3879801
2012/02/03,4453449
2012/02/06,1322696
2012/02/07,1664371
2012/02/08,1195501
2012/02/09,885141
2012/02/10,1750920
2012/02/13,809578
2012/02/14,1245532
2012/02/15,2194839
2012/02/16,1319406
2012/02/17,522030
2012/02/21,1507051
2012/02/22,1614841
2012/02/23,1450311
2012/02/24,1314321
2012/02/27,1176619
2012/02/28,1519818
2012/02/29,1999439
2012/03/01,1237681
2012/03/02,948833
2012/03/05,1298460
2012/03/06,1289756
2012/03/07,635660
2012/03/08,3826843
2012/03/09,2806806
2012/03/12,635962
2012/03/13,2088426
2012/03/14,1334354
2012/03/15,1112701
2012/03/16,1925876
2012/03/19,1230514
2012/03/20,965423
2012/03/21,1541514
2012/03/22,927058
2012/03/23,1034977
2012/03/26,754731
2012/03/27,701344
2012/03/28,1191142
2012/03/29,1856504
2012/03/30,681020
2012/04/02,659731
2012/04/03,918836
2012/04/04,1172903
2012/04/05,597266
2012/04/09,1115614
2012/04/10,4881933
2012/04/11,1893950
2012/04/12,2674520
2012/04/13,3606446
2012/04/16,3110520
2012/04/17,2504546
2012/04/18,5041796
2012/04/19,2301979
2012/04/20,1656678
2012/04/23,1494789
2012/04/24,2372878
2012/04/25,1647975
2012/04/26,1012208
2012/04/27,698013
2012/04/30,1178312
2012/05/01,3225871
2012/05/02,1661021
2012/05/03,1719927
2012/05/04,2291579
2012/05/07,1771719
2012/05/08,1941817
2012/05/09,3877702
2012/05/10,2881101
2012/05/11,3874288
2012/05/14,1433571
2012/05/15,1239753
2012/05/16,1983041
2012/05/17,3354544
2012/05/18,1421292
2012/05/21,1219520
2012/05/22,1012678
2012/05/23,1319393
2012/05/24,2733316
2012/05/25,1784633
2012/05/29,994017
2012/05/30,1624881
2012/05/31,1219617
2012/06/01,1915808
2012/06/04,1146921
2012/06/05,1863968
2012/06/06,2086916
2012/06/07,2219645
2012/06/08,1634259
2012/06/11,1518296
2012/06/12,1921566
2012/06/13,1290042
2012/06/14,2673730
2012/06/15,721885
2012/06/18,1149941
2012/06/19,1550435
2012/06/20,1830542
2012/06/21,1253888
2012/06/22,2419905
2012/06/25,1419751
2012/06/26,1119474
2012/06/27,1439260
2012/06/28,1484902
2012/06/29,1905411
2012/07/02,813717
2012/07/03,647011
2012/07/05,1360163
2012/07/06,1010282
2012/07/09,783968
2012/07/10,1659267
2012/07/11,1201093
2012/07/12,2737093
2012/07/13,767885
2012/07/16,1094354
2012/07/17,2518591
2012/07/18,793523
2012/07/19,775029
2012/07/20,1168051
2012/07/23,1873099
2012/07/24,1640335
2012/07/25,1809554
2012/07/26,2006622
2012/07/27,1900804
2012/07/30,1226969
2012/07/31,1451274
2012/08/01,3218925
2012/08/02,5208579
2012/08/03,1577151
2012/08/06,1751862
2012/08/07,1361882
2012/08/08,1674038
2012/08/09,2074756
2012/08/10,1978112
2012/08/13,1086418
2012/08/14,2225113
2012/08/15,1847228
2012/08/16,2262678
2012/08/17,1420830
2012/08/20,1552498
2012/08/21,1420751
2012/08/22,1347158
2012/08/23,1194856
2012/08/24,1617887
2012/08/27,1011833
2012/08/28,935755
2012/08/29,1256948
2012/08/30,671625
2012/08/31,1567241
2012/09/04,1003333
2012/09/05,1138884
2012/09/06,1607897
2012/09/07,1730888
2012/09/10,2198550
2012/09/11,1820613
2012/09/12,2492208
2012/09/13,3293201
2012/09/14,5471983
2012/09/17,6420089
2012/09/18,3038844
2012/09/19,2403008
2012/09/20,1642435
2012/09/21,1523442
2012/09/24,1558501
2012/09/25,1771400
2012/09/26,2070622
2012/09/27,2548476
2012/09/28,2263010
2012/10/01,2174138
2012/10/02,1107249
2012/10/03,1682436
2012/10/04,1184130
2012/10/05,1792025
2012/10/08,623723
2012/10/09,1342688
2012/10/10,1396889
2012/10/11,1040979
2012/10/12,1079761
2012/10/15,1413913
2012/10/16,1654406
2012/10/17,1116339
2012/10/18,800320
2012/10/19,1378243
2012/10/22,1318592
2012/10/23,2427452
2012/10/24,1638177
2012/10/25,1745949
2012/10/26,1150411
2012/10/31,2347461
2012/11/01,2416136
2012/11/02,2733765
2012/11/05,3145460
2012/11/06,3087083
2012/11/07,1420315
2012/11/08,4125558
2012/11/09,2760163
2012/11/12,1988872
2012/11/13,2297154
2012/11/14,12684690
2012/11/15,3658145
2012/11/16,4647271
2012/11/19,2546303
2012/11/20,1843205
2012/11/21,995220
2012/11/23,1556561
2012/11/26,1126697
2012/11/27,3100671
2012/11/28,1524401
2012/11/29,1081763
2012/11/30,842078
2012/12/03,1039549
2012/12/04,1242903
2012/12/05,2598621
2012/12/06,3165588
2012/12/07,1898515
2012/12/10,1702363
2012/12/11,1161170
2012/12/12,2894584
2012/12/13,4305597
2012/12/14,4241325
2012/12/17,1589103
2012/12/18,3019602
2012/12/19,3406886
2012/12/20,2737659
2012/12/21,1913577
2012/12/24,550234
2012/12/26,2072188
2012/12/27,2100743
2012/12/28,1136389
2012/12/31,1388234
2013/01/02,2284252
2013/01/03,2386661
2013/01/04,4984163
2013/01/07,3103475
2013/01/08,3230772
2013/01/09,2063169
2013/01/10,5174980
2013/01/11,4802212
2013/01/14,5211969
2013/01/15,7202640
2013/01/16,6347496
2013/01/17,10669500
2013/01/18,9285565
2013/01/22,8122517
2013/01/23,3222039
2013/01/24,4676884
2013/01/25,6596299
2013/01/28,8237236
2013/01/29,5664471
2013/01/30,3199006
2013/01/31,2597409
2013/02/01,5018489
2013/02/04,6403786
2013/02/05,4170277
2013/02/06,3501257
2013/02/07,7709468
2013/02/08,4721925
2013/02/11,2029911
2013/02/12,2709077
2013/02/13,5938997
2013/02/14,3258756
2013/02/15,2641336
2013/02/19,2489768
2013/02/20,3112285
2013/02/21,3708311
2013/02/22,2035769
2013/02/25,2851335
2013/02/26,3070263
2013/02/27,1922125
2013/02/28,3055280
2013/03/01,4894771
2013/03/04,4821209
2013/03/05,2476212
2013/03/06,2713721
2013/03/07,2201107
2013/03/08,4835164
2013/03/11,4048357
2013/03/12,8800809
2013/03/13,2480577
2013/03/14,4914438
2013/03/15,5386707
2013/03/18,4927353
2013/03/19,4102238
2013/03/20,3622881
2013/03/21,4008832
2013/03/22,2925965
2013/03/25,3943670
2013/03/26,2605312
2013/03/27,2406731
2013/03/28,1685795
2013/04/01,3052030
2013/04/02,3214442
2013/04/03,4774621
2013/04/04,5224235
2013/04/05,3299642
2013/04/08,2433930
2013/04/09,1776691
2013/04/10,1228446
2013/04/11,2455091
2013/04/12,3122821
2013/04/15,2935383
2013/04/16,1838830
2013/04/17,2006538
2013/04/18,1749412
2013/04/19,1901517
2013/04/22,1574698
2013/04/23,1457583
2013/04/24,1675672
2013/04/25,6628709
2013/04/26,4838507
2013/04/29,1156699
2013/04/30,1838500
2013/05/01,1383279
2013/05/02,2310631
2013/05/03,2663707
2013/05/06,2201963
2013/05/07,3920681
2013/05/08,3406129
2013/05/09,3576641
2013/05/10,3040245
2013/05/13,6130536
2013/05/14,35285040
2013/05/15,8201453
2013/05/16,4722025
2013/05/17,4723802
2013/05/20,3586525
2013/05/21,22386760
2013/05/22,15075010
2013/05/23,10012330
2013/05/24,4412558
2013/05/28,4375883
2013/05/29,6805430
2013/05/30,14627360
2013/05/31,4172940
2013/06/03,7272322
2013/06/04,4072438
2013/06/05,5199496
2013/06/06,4586496
2013/06/07,3856940
2013/06/10,3096431
2013/06/11,4832034
2013/06/12,3401489
2013/06/13,10545480
2013/06/14,6000844
2013/06/17,8074382
2013/06/18,4597688
2013/06/19,5013038
2013/06/20,5460357
2013/06/21,3705227
2013/06/24,2744410
2013/06/25,1874187
2013/06/26,2441214
2013/06/27,2746407
2013/06/28,3036095
2013/07/01,2158631
2013/07/02,2563740
2013/07/03,1091056
2013/07/05,1508699
2013/07/08,1502053
2013/07/09,1233262
2013/07/10,1034812
2013/07/11,1605254
2013/07/12,1065216
2013/07/15,1284018
2013/07/16,1608384
2013/07/17,2082980
2013/07/18,1402061
2013/07/19,1647216
2013/07/22,3804408
2013/07/23,2475004
2013/07/24,1327152
2013/07/25,2138648
2013/07/26,1742760
2013/07/29,2781031
2013/07/30,2663404
2013/07/31,7249127
2013/08/01,2974989
2013/08/02,3597550
2013/08/05,1418560
2013/08/06,5375700
2013/08/07,3143175
2013/08/08,3870141
2013/08/09,1593034
2013/08/12,2503700
2013/08/13,2232199
2013/08/14,1762039
2013/08/15,1791282
2013/08/16,1406649
2013/08/19,1842413
2013/08/20,2089641
2013/08/21,1240308
2013/08/22,899991
2013/08/23,2218937
2013/08/26,1967141
2013/08/27,3383570
2013/08/28,2034458
2013/08/29,1014352
2013/08/30,1082928
2013/09/03,1937274
2013/09/04,1317123
2013/09/05,2915057
2013/09/06,1001478
2013/09/09,3368359
2013/09/10,2686227
2013/09/11,3129276
2013/09/12,3966776
2013/09/13,2039902
2013/09/16,2886191
2013/09/17,2932883
2013/09/18,3969855
2013/09/19,3299316
2013/09/20,1976120
2013/09/23,1461695
2013/09/24,1036556
2013/09/25,1078632
2013/09/26,757303
2013/09/27,918232
2013/09/30,1259891
2013/10/01,896988
2013/10/02,1407228
2013/10/03,2193673
2013/10/04,760868
2013/10/07,2573122
2013/10/08,2846597
2013/10/09,2171617
2013/10/10,4564976
2013/10/11,2928794
2013/10/14,1593286
2013/10/15,2069588
2013/10/16,2885533
2013/10/17,1882710
2013/10/18,3431356
2013/10/21,2291041
2013/10/22,1795912
2013/10/23,3179728
2013/10/24,3696412
2013/10/25,1558192
2013/10/28,1460218
2013/10/29,1637691
2013/10/30,1799313
2013/10/31,11273850
2013/11/01,5029508
2013/11/04,3705518
2013/11/05,4160979
2013/11/06,2179513
2013/11/07,3418133
2013/11/08,3311862
2013/11/11,3304820
2013/11/12,4189714
2013/11/13,5316504
2013/11/14,8162925
2013/11/15,4034656
2013/11/18,5411896
2013/11/19,2972867
2013/11/20,2500433
2013/11/21,3632470
2013/11/22,3226413
2013/11/25,3907681
2013/11/26,3259058
2013/11/27,1772798
2013/11/29,1561337
2013/12/02,2241801
2013/12/03,1702708
2013/12/04,2945524
2013/12/05,1454488
2013/12/06,1127309
2013/12/09,1439630
2013/12/10,1956426
2013/12/11,2459808
2013/12/12,2582842
2013/12/13,2214119
2013/12/16,1715173
2013/12/17,1510921
2013/12/18,2233502
2013/12/19,1007311
2013/12/20,2155413
2013/12/23,1067330
2013/12/24,923502
2013/12/26,2041722
2013/12/27,2892628
2013/12/30,2027218
2013/12/31,1570889
2014/01/02,2625416
2014/01/03,928449
2014/01/06,2356266
2014/01/07,3438298
2014/01/08,8572879
2014/01/09,2602200
2014/01/10,3406694
2014/01/13,4871038
2014/01/14,2860691
2014/01/15,2714212
2014/01/16,2340967
2014/01/17,1936107
2014/01/21,2853318
2014/01/22,3925282
2014/01/23,2291814
2014/01/24,3130222
2014/01/27,6793341
2014/01/28,2140626
2014/01/29,2299617
2014/01/30,2439082
2014/01/31,4790486
2014/02/03,2876089
2014/02/04,7938176
2014/02/05,2813408
2014/02/06,6325615
2014/02/07,3625393
2014/02/10,2218832
2014/02/11,4863102
2014/02/12,2781061
2014/02/13,4259339
2014/02/14,4692170
2014/02/18,1832672
2014/02/19,2655435
2014/02/20,1792353
2014/02/21,1403455
2014/02/24,1963420
2014/02/25,1950773
2014/02/26,1757006
2014/02/27,3096099
2014/02/28,2202363
2014/03/03,1822752
2014/03/04,1457231
2014/03/05,1002426
2014/03/06,1602522
2014/03/07,1523411
2014/03/10,1606795
2014/03/11,1681233
2014/03/12,1514536
2014/03/13,2433232
2014/03/14,3062905
2014/03/17,1202058
2014/03/18,1939592
2014/03/19,3527206
2014/03/20,3191982
2014/03/21,4009676
2014/03/24,2850356
2014/03/25,3364995
2014/03/26,2317295
2014/03/27,2873563
2014/03/28,2947512
2014/03/31,2966906
2014/04/01,2230045
2014/04/02,1442463
2014/04/03,1856316
2014/04/04,1378645
2014/04/07,1821927
2014/04/08,1796268
2014/04/09,1143712
2014/04/10,2540506
2014/04/11,1265935
2014/04/14,1076994
2014/04/15,1313397
2014/04/16,1027121
2014/04/17,943596
2014/04/21,1293723
2014/04/22,1474841
2014/04/23,724375
2014/04/24,2610556
2014/04/25,1178778
2014/04/28,1437882
2014/04/29,993686
2014/04/30,1479051
2014/05/01,3818602
2014/05/02,1376551
2014/05/05,751884
2014/05/06,1203726
2014/05/07,1363283
2014/05/08,2930910
2014/05/09,1476258
2014/05/12,1168140
2014/05/13,2071891
2014/05/14,7163049
2014/05/15,3817880
2014/05/16,1735434
2014/05/19,3705254
2014/05/20,3187957
2014/05/21,1422648
2014/05/22,2275989
2014/05/23,2543811
2014/05/27,2469501
2014/05/28,3608757
2014/05/29,2850506
2014/05/30,2388173
2014/06/02,1249670
2014/06/03,2014578
2014/06/04,1534930
2014/06/05,625153
2014/06/06,1700140
2014/06/09,1755887
2014/06/10,2718694
2014/06/11,3253570
2014/06/12,3327243
2014/06/13,2509043
2014/06/16,2630672
2014/06/17,3089428
2014/06/18,2362129
2014/06/19,3166760
2014/06/20,4126562
2014/06/23,2989374
2014/06/24,3857402
2014/06/25,1736897
2014/06/26,1422157
2014/06/27,2376796
2014/06/30,2426164
2014/07/01,5101510
2014/07/02,3097781
2014/07/03,1294565
2014/07/07,1278512
2014/07/08,1494231
2014/07/09,871058
2014/07/10,1592174
2014/07/11,1072543
2014/07/14,1087407
2014/07/15,1477609
2014/07/16,2187524
2014/07/17,3304696
2014/07/18,3381630
2014/07/21,1715830
2014/07/22,2409513
2014/07/23,2270868
2014/07/24,3617060
2014/07/25,2177990
2014/07/28,1724352
2014/07/29,1780046
2014/07/30,1719541
2014/07/31,7836478
2014/08/01,3607536
2014/08/04,1731729
2014/08/05,1722934
2014/08/06,2639628
2014/08/07,2485915
2014/08/08,4101466
2014/08/11,1802622
2014/08/12,1534897
2014/08/13,2614525
2014/08/14,2018281
2014/08/15,3944888
2014/08/18,1993157
2014/08/19,2972982
2014/08/20,3275002
2014/08/21,2560479
2014/08/22,1377610
2014/08/25,852773
2014/08/26,798787
2014/08/27,726300
2014/08/28,828045
2014/08/29,1400603
2014/09/02,2319536
2014/09/03,2154243
2014/09/04,1884267
2014/09/05,1454512
2014/09/08,794460
2014/09/09,1472823
2014/09/10,2903746
2014/09/11,3354567
2014/09/12,2350701
2014/09/15,2414608
2014/09/16,2830174
2014/09/17,15607470
2014/09/18,9990472
2014/09/19,4466656
2014/09/22,4991009
2014/09/23,2496124
2014/09/24,3385028
2014/09/25,2531267
2014/09/26,1798382
2014/09/29,4022463
2014/09/30,3077973
2014/10/01,2204071
2014/10/02,2310483
2014/10/03,1964961
2014/10/06,1666633
2014/10/07,1584653
2014/10/08,2842785
2014/10/09,2735127
2014/10/10,2165099
2014/10/13,1899045
2014/10/14,1945610
2014/10/15,4471481
2014/10/16,1940534
2014/10/17,1684159
2014/10/20,1325802
2014/10/21,5626207
2014/10/22,2438308
2014/10/23,1744763
2014/10/24,1419494
2014/10/27,2122222
2014/10/28,1364136
2014/10/29,2978756
2014/10/30,4885205
2014/10/31,7374689
2014/11/03,6245317
2014/11/04,5085977
2014/11/05,2349316
2014/11/06,2686882
2014/11/07,2422389
2014/11/10,2787486
2014/11/11,3112487
2014/11/12,2726136
2014/11/13,2159175
2014/11/14,1174644
2014/11/17,1946313
2014/11/18,3329022
2014/11/19,2210218
2014/11/20,1990300
2014/11/21,2882807
2014/11/24,5586477
2014/11/25,2829940
2014/11/26,1829700
2014/11/28,1721130
2014/12/01,4415051
2014/12/02,2609581
2014/12/03,3267531
2014/12/04,2241373
2014/12/05,1841712
2014/12/08,2559619
2014/12/09,2987223
2014/12/10,1841227
2014/12/11,1912466
2014/12/12,2410296
2014/12/15,4369720
2014/12/16,2331508
2014/12/17,2239977
2014/12/18,2623215
2014/12/19,1547293
2014/12/22,1291939
2014/12/23,1802266
2014/12/24,1357795
2014/12/26,1107977
2014/12/29,1107500
2014/12/30,1546196
2014/12/31,846198
2015/01/02,1229939
2015/01/05,1056706
2015/01/06,2209124
2015/01/07,2458984
2015/01/08,1296471
2015/01/09,3012690
2015/01/12,1995850
2015/01/13,1777482
2015/01/14,2420551
2015/01/15,2456854
2015/01/16,2586938
2015/01/20,1063304
2015/01/21,4272831
2015/01/22,1923661
2015/01/23,2942451
2015/01/26,3590849
2015/01/27,1649519
2015/01/28,3503790
2015/01/29,2570755
2015/01/30,2265798
2015/02/02,1627115
2015/02/03,2044169
2015/02/04,9217461
2015/02/05,3567178
2015/02/06,1929544
2015/02/09,2390328
2015/02/10,2161781
2015/02/11,1556918
2015/02/12,2915667
2015/02/13,1552193
2015/02/17,2228865
2015/02/18,5005098
2015/02/19,2573369
2015/02/20,2266238
2015/02/23,1468356
2015/02/24,1686277
2015/02/25,983130
2015/02/26,1228699
2015/02/27,1668415
2015/03/02,1210216
2015/03/03,1238206
2015/03/04,1003967
2015/03/05,1217082
2015/03/06,1421788
2015/03/09,1011168
2015/03/10,1539966
2015/03/11,1519142
2015/03/12,1190113
2015/03/13,1511045
2015/03/16,2378753
2015/03/17,1860079
2015/03/18,2444391
2015/03/19,1054627
2015/03/20,1455246
2015/03/23,1253410
2015/03/24,943829
2015/03/25,2656863
2015/03/26,1129892
2015/03/27,839253
2015/03/30,1368834
2015/03/31,1751270
2015/04/01,1919091
2015/04/02,1661350
2015/04/06,2451742
2015/04/07,1578242
2015/04/08,1370255
2015/04/09,1658107
2015/04/10,2192863
2015/04/13,1395193
2015/04/14,2717313
2015/04/15,4385740
2015/04/16,2524383
2015/04/17,3535338
2015/04/20,1042709
2015/04/21,1867588
2015/04/22,3774265
2015/04/23,4146599
2015/04/24,3291552
2015/04/27,1472613
2015/04/28,957086
2015/04/29,1089198
2015/04/30,1271069
2015/05/01,1366449
2015/05/04,1222952
2015/05/05,1653578
2015/05/06,1977549
2015/05/07,998598
2015/05/08,958483
2015/05/11,890325
2015/05/12,2997396
2015/05/13,3731128
2015/05/14,2220968
2015/05/15,1598819
2015/05/18,646939
2015/05/19,1594283
2015/05/20,940483
2015/05/21,982036
2015/05/22,1055436
2015/05/26,1240389
2015/05/27,1011325
2015/05/28,1727477
2015/05/29,734938
2015/06/01,1367108
2015/06/02,1712266
2015/06/03,1321698
2015/06/04,1221915
2015/06/05,1389931
2015/06/08,1287304
2015/06/09,1537312
2015/06/10,864051
2015/06/11,746007
2015/06/12,611210
2015/06/15,1010365
2015/06/16,748150
2015/06/17,1066639
2015/06/18,564015
2015/06/19,721408
2015/06/22,787445
2015/06/23,712848
2015/06/24,734497
2015/06/25,1122656
2015/06/26,937579
2015/06/29,1250909
2015/06/30,2841406
2015/07/01,1106683
2015/07/02,760990
2015/07/06,695042
2015/07/07,1178265
2015/07/08,1531050
2015/07/09,2573264
2015/07/10,4510323
2015/07/13,6232177
2015/07/14,1555175
2015/07/15,1259977
2015/07/16,1399094
2015/07/17,1064346
2015/07/20,1392284
2015/07/21,3538245
2015/07/22,996953
2015/07/23,1505090
2015/07/24,2232747
2015/07/27,2822550
2015/07/28,994252
2015/07/29,985194
2015/07/30,2118358
2015/07/31,1106848
2015/08/03,1447501
2015/08/04,1361619
2015/08/05,1342083
2015/08/06,1140829
2015/08/07,624231
2015/08/10,673784
2015/08/11,1059799
2015/08/12,1082179
2015/08/13,742800
2015/08/14,381166
2015/08/17,502454
2015/08/18,448273
2015/08/19,1022812
2015/08/20,1425216
2015/08/21,1523643
2015/08/24,2291027
2015/08/25,1637722
2015/08/26,2491042
2015/08/27,1867087
2015/08/28,1321572
2015/08/31,1275533
2015/09/01,1410128
2015/09/02,876726
2015/09/03,1714158
2015/09/04,1037045
2015/09/08,1618489
2015/09/09,1786165
2015/09/10,1559989
2015/09/11,1396929
2015/09/14,701741
2015/09/15,1082835
2015/09/16,1114231
2015/09/17,1484869
2015/09/18,1247563
2015/09/21,732687
2015/09/22,1215508
2015/09/23,1825383
2015/09/24,2705013
2015/09/25,1504062
2015/09/28,3394976
2015/09/29,1673544
2015/09/30,1074007
2015/10/01,1581964
2015/10/02,2212561
2015/10/05,1832167
2015/10/06,930120
2015/10/07,593260
2015/10/08,1665982
2015/10/09,654563
2015/10/12,746911
2015/10/13,384197
2015/10/14,477687
2015/10/15,765493
2015/10/16,770371
2015/10/19,796386
2015/10/20,563424
2015/10/21,1452418
2015/10/22,1493661
2015/10/23,1625292
2015/10/26,792857
2015/10/27,776358
2015/10/28,951787
2015/10/29,1883942
2015/10/30,718611
2015/11/02,714285
2015/11/03,680354
2015/11/04,886891
2015/11/05,536734
2015/11/06,904452
2015/11/09,648543
2015/11/10,481811
2015/11/11,568198
2015/11/12,528767
2015/11/13,771457
2015/11/16,632245
2015/11/17,1471010
2015/11/18,935057
2015/11/19,567443
2015/11/20,520298
2015/11/23,645477
2015/11/24,674170
2015/11/25,626174
2015/11/27,212135
2015/11/30,883242
2015/12/01,603141
2015/12/02,2038457
2015/12/03,1751056
2015/12/04,1432054
2015/12/07,478857
2015/12/08,1280107
2015/12/09,1375519
2015/12/10,936452
2015/12/11,1292041
2015/12/14,1903020
2015/12/15,1973384
2015/12/16,2197670
2015/12/17,981860
2015/12/18,1145279
2015/12/21,1472103
2015/12/22,989585
2015/12/23,1130192
2015/12/24,467400
2015/12/28,590149
2015/12/29,657633
2015/12/30,344915
2015/12/31,688926
2016/01/04,2464650
2016/01/05,3480925
2016/01/06,5256604
2016/01/07,2108671
2016/01/08,1869571
2016/01/11,2392462
2016/01/12,2060530
2016/01/13,2372014
2016/01/14,3010675
2016/01/15,1662022
2016/01/19,2155550
2016/01/20,2711918
2016/01/21,1303007
2016/01/22,1689189
2016/01/25,1177549
2016/01/26,1078298
2016/01/27,739856
2016/01/28,2452752
2016/01/29,5516698
2016/02/01,1908658
2016/02/02,2828951
2016/02/03,1575338
2016/02/04,980706
2016/02/05,1225618
2016/02/08,1545238
2016/02/09,3052328
2016/02/10,963848
2016/02/11,1232740
2016/02/12,1160895
2016/02/16,1274283
2016/02/17,1084590
2016/02/18,603454
2016/02/19,749726
2016/02/22,548378
2016/02/23,1148281
2016/02/24,670709
2016/02/25,1051402
2016/02/26,2366442
2016/02/29,1138541
2016/03/01,1072772
2016/03/02,1638245
2016/03/03,5247014
2016/03/04,1670969
2016/03/07,2042491
2016/03/08,1477819
2016/03/09,1522971
2016/03/10,2479180
2016/03/11,1412377
2016/03/14,799121
2016/03/15,660226
2016/03/16,1382758
2016/03/17,2838872
2016/03/18,1062746
2016/03/21,957506
2016/03/22,819643
2016/03/23,816769
2016/03/24,860557
2016/03/28,819707
2016/03/29,1163762
2016/03/30,957581
2016/03/31,459941
2016/04/01,1242782
2016/04/04,2136251
2016/04/05,4076865
2016/04/06,1528275
2016/04/07,1231514
2016/04/08,979600
2016/04/11,2463354
2016/04/12,2373336
2016/04/13,1150371
2016/04/14,1499377
2016/04/15,1709032
2016/04/18,2942041
2016/04/19,1187012
2016/04/20,1665933
2016/04/21,2830874
2016/04/22,2935458
2016/04/25,1499315
2016/04/26,722312
2016/04/27,1110514
2016/04/28,2230181
2016/04/29,2256663
2016/05/02,1241950
2016/05/03,957585
2016/05/04,3020788
2016/05/05,3336854
2016/05/06,2335653
2016/05/09,734855
2016/05/10,1134573
2016/05/11,1713830
2016/05/12,2598141
2016/05/13,3034123
2016/05/16,1496422
2016/05/17,1391215
2016/05/18,1686542
2016/05/19,849639
2016/05/20,566402
2016/05/23,533031
2016/05/24,3613317
2016/05/25,2512049
2016/05/26,1050232
2016/05/27,597808
2016/05/31,1293022
2016/06/01,629880
2016/06/02,592313
2016/06/03,1625575
2016/06/06,1042771
2016/06/07,774012
2016/06/08,962541
2016/06/09,776931
2016/06/10,889099
2016/06/13,1130504
2016/06/14,1140358
2016/06/15,808192
2016/06/16,995890
2016/06/17,991611
2016/06/20,918332
2016/06/21,1301638
2016/06/22,1061494
2016/06/23,827983
2016/06/24,2464559
2016/06/27,1714914
2016/06/28,1327825
2016/06/29,2147224
2016/06/30,1338795
2016/07/01,1062267
2016/07/05,1164796
2016/07/06,1757522
2016/07/07,1752877
2016/07/08,1087197
2016/07/11,1984408
2016/07/12,2596218
2016/07/13,2054641
2016/07/14,1540808
2016/07/15,1021221
2016/07/18,845253
2016/07/19,730448
2016/07/20,484388
2016/07/21,1055753
2016/07/22,456455
2016/07/25,1163771
2016/07/26,642399
2016/07/27,743021
2016/07/28,1464959
2016/07/29,3656372
2016/08/01,1797517
2016/08/02,1130590
2016/08/03,788168
2016/08/04,921425
2016/08/05,646925
2016/08/08,827117
2016/08/09,815574
2016/08/10,813857
2016/08/11,915957
2016/08/12,673013
2016/08/15,753784
2016/08/16,406468
2016/08/17,1026480
2016/08/18,1222952
2016/08/19,1219107
2016/08/22,725291
2016/08/23,813714
2016/08/24,962395
2016/08/25,742904
2016/08/26,984444
2016/08/29,997878
2016/08/30,661866
2016/08/31,840898
2016/09/01,1112347
2016/09/02,914558
2016/09/06,956187
2016/09/07,1099327
2016/09/08,993569
2016/09/09,1046363
2016/09/12,1495128
2016/09/13,1017469
2016/09/14,543929
2016/09/15,608790
2016/09/16,1057162
2016/09/19,552935
2016/09/20,952409
2016/09/21,1332364
2016/09/22,971690
2016/09/23,789828
2016/09/26,855853
2016/09/27,765477
2016/09/28,705817
2016/09/29,873027
2016/09/30,1401214
2016/10/03,982766
2016/10/04,988573
2016/10/05,554669
2016/10/06,815833
2016/10/07,547368
2016/10/10,648908
2016/10/11,710656
2016/10/12,566232
2016/10/13,1451762
2016/10/14,1168883
2016/10/17,484682
2016/10/18,657098
2016/10/19,612176
2016/10/20,491870
2016/10/21,1074129
2016/10/24,557878
2016/10/25,833352
2016/10/26,1381346
2016/10/27,747767
2016/10/28,1106936
2016/10/31,1567903
2016/11/01,2555192
2016/11/02,1881276
2016/11/03,982965
2016/11/04,1142088
2016/11/07,2213037
2016/11/08,1130967
2016/11/09,1158948
2016/11/10,2614648
2016/11/11,1132989
2016/11/14,1026427
2016/11/15,814571
2016/11/16,778727
2016/11/17,700524
2016/11/18,883741
2016/11/21,563618
2016/11/22,829769
2016/11/23,369334
2016/11/25,316928
2016/11/28,468218
2016/11/29,443366
2016/11/30,750148
2016/12/01,1456827
2016/12/02,952644
2016/12/05,940633
2016/12/06,656341
2016/12/07,789674
2016/12/08,2028024
2016/12/09,895962
2016/12/12,1054698
2016/12/13,806184
2016/12/14,876314
2016/12/15,765943
2016/12/16,869372
2016/12/19,711082
2016/12/20,356619
2016/12/21,404629
2016/12/22,852313
2016/12/23,331427
2016/12/27,402450
2016/12/28,355871
2016/12/29,431467
2016/12/30,645349
2017/01/03,895122
2017/01/04,910638
2017/01/05,1026480
2017/01/06,964780
2017/01/09,648727
2017/01/10,844152
2017/01/11,1217418
2017/01/12,2038638
2017/01/13,805291
2017/01/17,740433
2017/01/18,571669
2017/01/19,826034
2017/01/20,796987
2017/01/23,539460
2017/01/24,490264
2017/01/25,795500
2017/01/26,946723
2017/01/27,703079
2017/01/30,1885445
2017/01/31,1069562
2017/02/01,865430
2017/02/02,2143460
2017/02/03,1034640
2017/02/06,624137
2017/02/07,595143
2017/02/08,606737
2017/02/09,490630
2017/02/10,518670
2017/02/13,664054
2017/02/14,549963
2017/02/15,628568
2017/02/16,654097
2017/02/17,755976
2017/02/21,727208
2017/02/22,668115
2017/02/23,958947
2017/02/24,535338
2017/02/27,686378
2017/02/28,826685
2017/03/01,1103374
2017/03/02,1097769
2017/03/03,952812
2017/03/06,537793
2017/03/07,476242
2017/03/08,367810
2017/03/09,557950
2017/03/10,1190107
2017/03/13,642244
2017/03/14,431461
2017/03/15,631215
2017/03/16,592346
2017/03/17,418573
2017/03/20,338261
2017/03/21,681525
2017/03/22,435294
2017/03/23,621225
2017/03/24,527483
2017/03/27,504545
2017/03/28,343637
2017/03/29,944240
2017/03/30,819685
2017/03/31,647013
2017/04/03,831320
2017/04/04,591646
2017/04/05,714685
2017/04/06,518489
2017/04/07,523459
2017/04/10,530481
2017/04/11,930380
2017/04/12,618220
2017/04/13,540811
2017/04/17,515448
2017/04/18,550968
2017/04/19,918736
2017/04/20,1241017
2017/04/21,2161036
2017/04/24,1472263
2017/04/25,892372
2017/04/26,865153
2017/04/27,716959
2017/04/28,976820
2017/05/01,830455
2017/05/02,986482
2017/05/03,855895
2017/05/04,657660
2017/05/05,881544
2017/05/08,828101
2017/05/09,1016146
2017/05/10,893936
2017/05/11,696190
2017/05/12,529484
2017/05/15,768039
2017/05/16,742799
2017/05/17,1433531
2017/05/18,948901
2017/05/19,971041
2017/05/22,644496
2017/05/23,537672
2017/05/24,1047144
2017/05/25,1715911
2017/05/26,2708688
2017/05/30,2067459
2017/05/31,1044626
2017/06/01,1132138
2017/06/02,1375158
2017/06/05,717372
2017/06/06,883361
2017/06/07,1060512
2017/06/08,1143404
2017/06/09,2285836
2017/06/12,1263678
2017/06/13,817057
2017/06/14,748462
2017/06/15,996276
2017/06/16,808839
2017/06/19,1399765
2017/06/20,563318
2017/06/21,486377
2017/06/22,401368
2017/06/23,483930
2017/06/26,1065275
2017/06/27,1067387
2017/06/28,847009
2017/06/29,802590
2017/06/30,925890
2017/07/03,632747
2017/07/05,1021268
2017/07/06,646785
2017/07/07,1141425
2017/07/10,804537
2017/07/11,1290360
2017/07/12,999201
2017/07/13,523636
2017/07/14,529402
2017/07/17,535933
2017/07/18,474181
2017/07/19,1153446
2017/07/20,794429
2017/07/21,611179
2017/07/24,766393
2017/07/25,830555
2017/07/26,494339
2017/07/27,1455653
2017/07/28,583214
2017/07/31,578515
2017/08/01,1112752
2017/08/02,1093903
2017/08/03,673886
2017/08/04,546489
2017/08/07,796949
2017/08/08,796852
2017/08/09,925272
2017/08/10,1000796
2017/08/11,471045
2017/08/14,437882
2017/08/15,513930
2017/08/16,469225
2017/08/17,658883
2017/08/18,504788
2017/08/21,594483
2017/08/22,492358
2017/08/23,313449
2017/08/24,1375704
2017/08/25,1065933
2017/08/28,188238
2017/08/29,338595
2017/08/30,520652
2017/08/31,468458
2017/09/01,394880
2017/09/05,554944
2017/09/06,275297
2017/09/07,371490
2017/09/08,579281
2017/09/11,1330121
2017/09/12,499244
2017/09/13,328948
2017/09/14,1144396
2017/09/15,558230
2017/09/18,699213
2017/09/19,1646183
2017/09/20,689484
2017/09/21,551528
2017/09/22,731941
2017/09/25,1378297
2017/09/26,954554
2017/09/27,848284
2017/09/28,580143
2017/09/29,608471
2017/10/02,628272
2017/10/03,658406
2017/10/04,405120
2017/10/05,984782
2017/10/06,749731
2017/10/09,400268
2017/10/10,488532
2017/10/11,585844
2017/10/12,871431
2017/10/13,579273
2017/10/16,641323
2017/10/17,561956
2017/10/18,697194
2017/10/19,784165
2017/10/20,557140
2017/10/23,366079
2017/10/24,323317
2017/10/25,515925
2017/10/26,817436
2017/10/27,559176
2017/10/30,2199345
2017/10/31,6812620
2017/11/01,2289655
2017/11/02,1681687
2017/11/03,1362885
2017/11/06,1021984
2017/11/07,781276
2017/11/08,1324333
2017/11/09,1398257
2017/11/10,715351
2017/11/13,971210
2017/11/14,917950
2017/11/15,1148489
2017/11/16,894052
2017/11/17,654739
2017/11/20,1092223
2017/11/21,750167
2017/11/22,558869
2017/11/24,402374
2017/11/27,807921
2017/11/28,661632
2017/11/29,864912
2017/11/30,1113045
2017/12/01,2193246
2017/12/04,992825
2017/12/05,555058
2017/12/06,970743
2017/12/07,809166
2017/12/08,622743
2017/12/11,950557
2017/12/12,913346
2017/12/13,734193
2017/12/14,517948
2017/12/15,738104
2017/12/18,1042853
2017/12/19,748295
2017/12/20,447948
2017/12/21,642064
2017/12/22,453371
2017/12/26,584056
2017/12/27,386129
2017/12/28,541474
2017/12/29,435557
2018/01/02,843917
2018/01/03,613017
2018/01/04,770666
2018/01/05,1356128
2018/01/08,617784
2018/01/09,1057416
2018/01/10,1051378
2018/01/11,860917
2018/01/12,1043763
2018/01/16,1388768
2018/01/17,784626
2018/01/18,570630
2018/01/19,522387
2018/01/22,800059
2018/01/23,2431842
2018/01/24,1741196
2018/01/25,1217390
2018/01/26,1113087
2018/01/29,3080819
2018/01/30,911456
2018/01/31,852349
2018/02/01,1805874
2018/02/02,3954028
2018/02/05,2591341
2018/02/06,2665624
2018/02/07,1131796
2018/02/08,2578018
2018/02/09,2103801
2018/02/12,1211788
2018/02/13,1309311
2018/02/14,1343286
2018/02/15,623725
2018/02/16,882573
2018/02/20,698821
2018/02/21,916682
2018/02/22,885783
2018/02/23,1438055
2018/02/26,877983
2018/02/27,859439
2018/02/28,863488
2018/03/01,1187515
2018/03/02,843197
2018/03/05,1108701
2018/03/06,1069972
2018/03/07,1230941
2018/03/08,793814
2018/03/09,1289106
2018/03/12,1385434
2018/03/13,1257894
2018/03/14,927471
2018/03/15,536929
2018/03/16,964201
2018/03/19,1839310
2018/03/20,947701
2018/03/21,624005
2018/03/22,1575795
2018/03/23,915806
2018/03/26,931480
2018/03/27,1473138
2018/03/28,2809978
2018/03/29,2136932
2018/04/02,2178417
2018/04/03,1907032
2018/04/04,907254
2018/04/05,882604
2018/04/06,892573
2018/04/09,611221
2018/04/10,1080408
2018/04/11,549822
2018/04/12,778837
2018/04/13,699915
2018/04/16,681948
2018/04/17,1026266
2018/04/18,1970109
2018/04/19,1921282
2018/04/20,1341692
2018/04/23,930083
2018/04/24,1256834
2018/04/25,802118
2018/04/26,1121825
2018/04/27,6675157
2018/04/30,1113163
2018/05/01,1985495
2018/05/02,1370910
2018/05/03,1467213
2018/05/04,1041528
2018/05/07,1213903
2018/05/08,918533
2018/05/09,1107279
2018/05/10,837805
2018/05/11,1648106
2018/05/14,842422
2018/05/15,908402
2018/05/16,626591
2018/05/17,1138707
2018/05/18,655127
2018/05/21,617764
2018/05/22,1047315
2018/05/23,1069631
2018/05/24,806230
2018/05/25,762107
2018/05/29,1129421
2018/05/30,747360
2018/05/31,709118
2018/06/01,439522
2018/06/04,1359135
2018/06/05,994373
2018/06/06,2583978
2018/06/07,688777
2018/06/08,582466
2018/06/11,597032
2018/06/12,527871
2018/06/13,835299
2018/06/14,731288
2018/06/15,518279
2018/06/18,777906
2018/06/19,712077
2018/06/20,1280960
2018/06/21,761403
2018/06/22,1175621
2018/06/25,646488
2018/06/26,637898
2018/06/27,1298430
2018/06/28,1284486
2018/06/29,1047473
2018/07/02,480038
2018/07/03,581067
2018/07/05,1709372
2018/07/06,450142
2018/07/09,852177
2018/07/10,489625
2018/07/11,1035905
2018/07/12,1011333
2018/07/13,869881
2018/07/16,446665
2018/07/17,804014
2018/07/18,630337
2018/07/19,590373
2018/07/20,951802
2018/07/23,458502
2018/07/24,918777
2018/07/25,685893
2018/07/26,506438
2018/07/27,656619
2018/07/30,1067343
2018/07/31,1682577
2018/08/01,1252271
2018/08/02,1052284
2018/08/03,923032
2018/08/06,611460
2018/08/07,886067
2018/08/08,778270
2018/08/09,615197
2018/08/10,1220474
2018/08/13,1009475
2018/08/14,737144
2018/08/15,1160300
2018/08/16,1480785
2018/08/17,1273475
2018/08/20,570497
2018/08/21,463649
2018/08/22,637590
2018/08/23,1752095
2018/08/24,699580
2018/08/27,904652
2018/08/28,1561593
2018/08/29,1093162
2018/08/30,712715
2018/08/31,493162
2018/09/04,599714
2018/09/05,743373
2018/09/06,1148588
2018/09/07,873246
2018/09/10,1071559
2018/09/11,661251
2018/09/12,607613
2018/09/13,625486
2018/09/14,1253307
2018/09/17,738565
2018/09/18,1143960
2018/09/19,1105981
2018/09/20,678598
2018/09/21,3685871
2018/09/24,1276591
2018/09/25,1154883
2018/09/26,1068851
2018/09/27,608697
2018/09/28,1584562
2018/10/01,633008
2018/10/02,727491
2018/10/03,979472
2018/10/04,1835118
2018/10/05,775750
2018/10/08,937862
2018/10/09,1069232
2018/10/10,1610939
2018/10/11,1296790
2018/10/12,1412052
2018/10/15,1403576
2018/10/16,1339152
2018/10/17,1160263
2018/10/18,1755412
2018/10/19,769264
2018/10/22,503133
2018/10/23,1461785
2018/10/24,1589285
2018/10/25,1818555
2018/10/26,2727158
2018/10/29,2568635
2018/10/30,2708505
2018/10/31,1766825
2018/11/01,1538241
2018/11/02,1563385
2018/11/05,958839
2018/11/06,711043
2018/11/07,1616109
2018/11/08,1076584
2018/11/09,957755
2018/11/12,1644482
2018/11/13,949845
2018/11/14,871861
2018/11/15,712781
2018/11/16,834829
2018/11/19,1579766
2018/11/20,1412817
2018/11/21,782957
2018/11/23,362603
2018/11/26,1280297
2018/11/27,956966
2018/11/28,1041943
2018/11/29,1099979
2018/11/30,809488
2018/12/03,1082742
2018/12/04,1113180
2018/12/06,783415
2018/12/07,635018
2018/12/10,1023994
2018/12/11,1814330
2018/12/12,926774
2018/12/13,619549
2018/12/14,750601
2018/12/17,711476
2018/12/18,1163606
2018/12/19,1428050
2018/12/20,1312563
2018/12/21,1240615
2018/12/24,807628
2018/12/26,1151213
2018/12/27,805958
2018/12/28,607769
2018/12/31,858669
2019/01/02,779791
2019/01/03,1618532
